<?xml version="1.0" encoding="ISO-8859-1"?>
<!-- Narcis Carol 2024 -->
<?xml-stylesheet type="text/xsl" href="ciudadesOrdenCSS.xsl" ?>
<ciudades>
	<ciudad order="1">
		<nombre>Vic</nombre>
		<provincia>Barcelona</provincia>
		<habitantes>30000</habitantes>
	</ciudad>
	<ciudad order="2">
		<nombre>Barcelona</nombre>
		<provincia>Barcelona</provincia>
		<habitantes>2500000</habitantes>
	</ciudad>
	<ciudad order="3">
		<nombre>Sabadell</nombre>
		<provincia>Barcelona</provincia>
		<habitantes>211734</habitantes>
	</ciudad>
</ciudades>
